discount,category
37.348462664714496,BREAKFAST
37.53102640822167,BUBBLE TEA
37.77195249738037,CAKE
37.74552987352813,DIMSUM
38.14694551458448,FAST FOOD
38.08318936295843,ICECREAM
38.21828119548785,JAPANESE FOOD
38.00615288351236,NOODLES
38.12952295229523,SEAFOOD
38.344620440709015,SHABU
38.09896591145292,SOMTAM
38.027670074021856,STEAK
37.827958957090395,THAI FOOD
37.93014696550499,WESTERN FOOD
